{"E": 222192.85973656684, "yield_stress": [1531.9158521007823, 1592.3165792174766, 1641.6557468533872, 1691.41676180811, 1741.2441404496203, 1789.7818943188647, 1837.3703067072192, 1883.9565753348436, 1929.5936513099973, 1975.163766173862, 2018.7298418627395, 2062.449644901792, 2103.370007382632, 2143.8732318389166, 2182.0417940653933, 2218.88378672374, 2253.3721933710285, 2285.2725422455796, 2315.1072591029656, 2340.8912265372805, 2363.5423023751655, 2381.3129946456015, 2395.6983617391375, 2404.636069867012], "plastic_strain": [0.0, 0.00046263348884950563, 0.0005235008858072623, 0.0005985466183292048, 0.0007470901084354938, 0.0008884740474915109, 0.0010282548469379132, 0.0011981309737973001, 0.001366937552831569, 0.001568750764733699, 0.0017799322203523732, 0.0020746754168964043, 0.002387547497149428, 0.0027510301157551743, 0.003116232974264421, 0.003507106647085553, 0.004000710761435442, 0.004525849179419809, 0.005107778268930701, 0.0057686707358066604, 0.006620841183763366, 0.007552324394813773, 0.00862036230553969, 0.0098678724141578]}