{"E": 225681.38445478427, "yield_stress": [1576.0107634615297, 1617.196319050255, 1658.7400505056396, 1700.282049026693, 1741.3485822046077, 1783.032534197633, 1822.4413148779222, 1862.5224610170108, 1901.1227387580977, 1940.4992805842273, 1978.1365302627712, 2015.526846988471, 2052.219368303075, 2087.627636362035, 2122.302372182851, 2156.520033107322, 2189.462811209389, 2221.651218493182, 2251.5536787583815, 2281.2065633032785, 2309.3121134625126, 2335.646719926853, 2360.6114847420517, 2383.3225963044606, 2404.617254166545, 2421.738174577482, 2437.683743275138, 2450.017251396879, 2459.5692652555954, 2467.1145678599346], "plastic_strain": [0.0, 0.0005643168673452161, 0.0006226745559528481, 0.0007091087428732334, 0.0008185768023884618, 0.0009324897182437369, 0.001031265041354413, 0.0011770829933316646, 0.0013075219214955178, 0.0014750400283911093, 0.0016513950057326695, 0.00184379335039217, 0.0020380280921628406, 0.0022574491901718365, 0.0024954044982587447, 0.002759560660166943, 0.0030520795727055055, 0.0033735953710692674, 0.0037033085726658876, 0.004107335671445217, 0.004502541121839914, 0.0049459582224232294, 0.00542726748098166, 0.0060020460710631576, 0.006537027229582359, 0.007205072617335731, 0.007905941515712672, 0.008768188810930656, 0.009698034924018781, 0.010722769289902522]}