{"E": 215187.74247457844, "yield_stress": [1537.252310535733, 1622.9401490209577, 1706.5750127421288, 1789.968393758075, 1871.5902285033906, 1953.0293049030256, 2030.0946539562103, 2106.9555637037693, 2176.543398922004, 2243.663106703709, 2304.403355326547, 2359.411447946132, 2409.5715111061672, 2450.086430281051, 2481.7205773088017, 2504.1928808071157, 2517.646403922862], "plastic_strain": [0.0, 0.0001792613764263571, 0.00025334668883895614, 0.000320448660925678, 0.00041361168483708063, 0.000530577437650892, 0.0006828087437727257, 0.0008595945140036157, 0.001128691001158427, 0.0014221485646019726, 0.0017955398208539149, 0.0022157856939529, 0.0028301292638171684, 0.0035372270330297113, 0.004436650872718899, 0.0054679220331083165, 0.006764082385403658]}